1490044020071,-360,0.17936849888781312
1490044079958,-360,0.3076171691594396
1490044140147,-360,0.08105744364728874
1490044200026,-360,0.016143470251527098
1490044259725,-360,0.04768234741600653
1490044319850,-360,0.060464943687615305
1490044380237,-360,0.16576070869770893
1490044440077,-360,0.033334648541913946
1490044500730,-360,0.005467781900171156
1490044560316,-360,0.01568297708613689
1490044620171,-360,0.018428977744453033
1490044862666,-360,0.08988860856831364
1490044920727,-360,0.13016965705162065
1490044979455,-360,0.1306957127961527
1490045100040,-360,0.03594923635024283
1490045159500,-360,0.25696110753909596
1490045279751,-360,0.18769143966511298
1490045519178,-360,0.7184923302124521
1490045639456,-360,0.15926847117924556
1490045699423,-360,0.2688880315381341
1490045760453,-360,0.01259330243073066
1490045819952,-360,0.044184025654691594
1490045880300,-360,0.5222157569626237
1490045939864,-360,0.08311132671760635
1490045999507,-360,0.04626771937753132
1490046060252,-360,0.20977753706769012
1490046120069,-360,0.17232035605551183
1490046180322,-360,0.22929046579626705
1490046240329,-360,0.02980536893343245
1490046300568,-360,0.028252298686840687
1490046360503,-360,0.08841922640499952
1490046420054,-360,0.29905442466795207
1490046480469,-360,0.011086798857651336
1490046539936,-360,0.22142434235656228
1490046600602,-360,0.03252929188425728
1490046660080,-360,0.15632776438273246
1490046720230,-360,0.28895579339530497
1490046780125,-360,0.39378621083834203
1490046840050,-360,0.047996358924385536
1490046900047,-360,0.02383730315152548
1490046959935,-360,0.02627819122451818
1490047319299,-360,0.24344568303881864
1490047379899,-360,0.10033168313437742
1490047441190,-360,0.0722455657876746
1490047559253,-360,0.04302673369995334
1490047620446,-360,0.05853986993628043
1490047679962,-360,0.03517156555087975
1490047740020,-360,0.8171885825754572
1490047799981,-360,0.13578786906257387
1490047859342,-360,0.0682480418884967
1490047919699,-360,0.16264114473278943
1490047979819,-360,0.033958148963683134
1490048039888,-360,0.04947254065554079
1490048099583,-360,0.037279457473112516
1490048221310,-360,0.4712830153436405
1490048280388,-360,0.24191609298529468
1490048339943,-360,0.4637626944615286
1490048399778,-360,0.5251424649328651
1490048519576,-360,0.04926270970135132
1490048580226,-360,0.0866855083923685
1490048640638,-360,0.6629390900938176
1490048699571,-360,0.07294346336456492
1490048819463,-360,0.3007499575120186
1490048879999,-360,0.19530385408288634
1490048940053,-360,0.43531983523191964
1490049119539,-360,0.5281097401910215
1490049240251,-360,0.7306887014200001
1490049299629,-360,0.5428542126397271
1490049359515,-360,0.5381198151190649
1490049480940,-360,0.34807594145675635
1490049540606,-360,0.8664345897220609
1490049659904,-360,0.1870211119392367
1490049720050,-360,0.27228679470631534
1490049780625,-360,0.08596837826583975
1490049899710,-360,0.18771884062782415
1490049960480,-360,0.09018765698279796
1490050020180,-360,0.09615005469071204
1490054339867,-360,0.36200840422053493
1490054399614,-360,0.22519803788077145
1490054460080,-360,0.02263172376532485
1490054520011,-360,0.22540786219346537
1490054609219,-360,0.574076509991026
1490054699820,-360,0.5342857365723923
1490054760312,-360,0.15578705856327085
1490054819940,-360,0.12335091722213701
1490054880163,-360,0.14633103483170262
1490054940476,-360,0.1341190291371964
1490055001476,-360,0.0862597942802497
1490055059484,-360,0.2816405086025669
1490055119203,-360,0.3218780549604105
1490055180654,-360,0.292405750446987
1490055239900,-360,0.05967063902194344
1490055660103,-360,0.08980262044000377
1490055719645,-360,0.22153069992577099
1490055780499,-360,0.4070454840651727
1490057459856,-360,0.10785939129783598
1490057639661,-360,0.1326344506443868
1490057700624,-360,0.3798200839678308
1490057760560,-360,0.12755850952719763
1490057879597,-360,0.08837092181482438
1490057939669,-360,0.048121031544736126
1490058060568,-360,0.02102999913185996
1490058120074,-360,0.02426021182656109
1490058299815,-360,0.020515796951462002
1490058360297,-360,0.10603867445460378
1490058419915,-360,0.08592114053694092
1490058480188,-360,0.02699386582580766
1490058540893,-360,0.04821877837648519
1490058600087,-360,0.0967631887971212
1490058660226,-360,0.05251152500600877
1490058840578,-360,0.05193012116553873
1490059079766,-360,0.012835958172994747
1490059440332,-360,0.0853427624282955
1490059559883,-360,0.09039756384254367
1490060100321,-360,0.03317516932625933
1490060340176,-360,0.012391857632487489
1490060519312,-360,0.012176036812981593
1490060759403,-360,0.05521732550280527
1490060819834,-360,0.08511014182140819
1490060999372,-360,0.026799737656776717
1490061180433,-360,0.08034442685847573
1490061240001,-360,0.07778587234211141
1490061300871,-360,0.055946261971051243
1490061540815,-360,0.04231341094376057
1490061600050,-360,0.07896495155394634
1490061780334,-360,0.07808183133846425
1490061901107,-360,0.04941005632348123
1490065019966,-360,0.07837721367150888
1490067059850,-360,0.027505050894751557
1490067419897,-360,0.05210741994258465
1490068320041,-360,0.0073009858506594295
1490068739501,-360,0.04337273427550024
1490068980812,-360,0.2043395828184921
1490069159302,-360,0.048458459090966854
1490069939977,-360,0.037532837925912985
1490070479613,-360,0.05500721251420443
1490071200222,-360,0.03571649529506047
1490071260366,-360,0.016436769940415093
1490071320565,-360,0.006895359856481669
1490071740381,-360,0.030947153123148108
1490071801353,-360,0.04332474639259662
1490071860927,-360,0.018802473995037462
1490072039534,-360,0.032865597793256145
1490074082581,-360,0.007641016169650652
1490075519505,-360,0.07530446880659177
1490075710333,-360,0.127099382130673
1490076059902,-360,0.4586557515355438
1490077020472,-360,0.31178971910226255
1490077260068,-360,0.013002430717495848
1490078760153,-360,0.029499776858840074
1490114160075,-360,0.14033315465559168
1490114220234,-360,0.08075850090049885
1490114279653,-360,0.0357839401625781
1490114339897,-360,0.06630658023284083
1490114400543,-360,0.06825121699807944
1490114460544,-360,0.12056226382614028
1490114583219,-360,0.0838180534641572
1490114640304,-360,0.004514294464828801
1490114700109,-360,0.008665706385976992
1490114759495,-360,0.010912930291310368
1490114819481,-360,0.010911490544208651
1490114942341,-360,0.004585559894394803
1490115119890,-360,0.009683258322063779
1490115359478,-360,0.026567270148909437
1490115419086,-360,0.05445854444006254
1490115479598,-360,0.04622029142933354
1490115539298,-360,0.04089946456060735
1490115599135,-360,0.05579012606482321
1490115659970,-360,0.03291787392777363
1490115719649,-360,0.07246299885842412
1490115780057,-360,0.03928176940738791
1490115899641,-360,0.09625824502745194
1490115959286,-360,0.08441559976481708
1490116019337,-360,0.06438463828442156
1490116079014,-360,0.1141659930701696
1490116139738,-360,0.05984616024025461
1490116199796,-360,0.10108151206670431
1490116259430,-360,0.0947615679224463
1490116319991,-360,0.04064829063638591
1490116379838,-360,0.06044274214707085
1490116499639,-360,0.03135886423074531
1490116559812,-360,0.004188676380496338
1490116618927,-360,0.034903058865925825
1490116679591,-360,0.012429632742662492
1490116860235,-360,0.0078242198807749
1490116919795,-360,0.03638203960699622
1490117040074,-360,0.019513264229527153
1490117100017,-360,0.16215950507557159
1490117159597,-360,0.013063106749058445
1490117219412,-360,0.016120455630438686
1490117278987,-360,0.022741160370688122
1490117339840,-360,0.025967124729963147
1490117399336,-360,0.026985202659679814
1490117579553,-360,0.02603567410949011
1490117699236,-360,0.008079987590046706
1490117759804,-360,0.012581362928639936
1490117879677,-360,0.03059558369539552
1490117939700,-360,0.003386551756855998
1490117999592,-360,0.012803333993252097
1490118179847,-360,0.004805831960484643
1490118240444,-360,0.01189219624571
1490118301680,-360,0.03037723675914146
1490118359592,-360,0.009782289057806712
1490118419904,-360,0.01610413109962986
1490118540391,-360,0.03734266089201019
1490118600501,-360,0.0106743670163255
1490118780148,-360,0.014968894674767098
1490118839837,-360,0.16769072967866222
1490118899804,-360,0.038562716613075046
1490118960254,-360,0.025779566584110312
1490119079724,-360,0.06681510114522758
1490119200466,-360,0.010346809149017054
1490119260311,-360,0.06366283176485422
1490119319513,-360,0.015101362679157432
1490122020024,-360,0.10183813593542974
1490124960321,-360,0.042114146236997066
1490125259858,-360,0.18561579575764534
1490125319709,-360,0.10698275889517571
1490125440194,-360,0.0549310208609462
1490125500239,-360,0.03157345359952774
1490125559977,-360,0.13313980292584568
1490125620275,-360,0.04352630806278715
1490125678954,-360,0.06365597626616509
1490125739798,-360,0.09546013295368805
1490125799433,-360,0.08680492361124749
1490133359889,-360,0.055728183571625914
1490133420310,-360,0.03200879404582631
1490133480777,-360,0.04564435986683893
1490133539918,-360,0.026117243213244105
1490133599191,-360,0.055984690692675136
1490133659668,-360,0.01606809928896043
1490133720201,-360,0.0109989598304123
1490133780062,-360,0.015423792418480914
1490133840095,-360,0.026066070991010635
1490133899254,-360,0.021675854141083136
1490133959586,-360,0.14679282598152826
1490134080406,-360,0.020200829539345273
1490134140141,-360,0.028283070980008686
1490134199237,-360,0.02738628507577027
1490134260765,-360,0.016684612011076246
1490134320377,-360,0.028381541772548917
1490134380465,-360,0.014539192361924042
1490134439384,-360,0.018944441267658912
1490134499776,-360,0.007368277586559381
1490134559727,-360,0.02975210322037822
1490134620606,-360,0.015254834829711192
1490134739367,-360,0.029091752376609395
1490134800141,-360,0.030281601535474774
1490134859898,-360,0.1343439792196576
1490134919732,-360,0.036020771188923
1490134979817,-360,0.058076162595225286
1490135039528,-360,0.01577169888568186
1490135100083,-360,0.017965490519383485
1490135160090,-360,0.018199277512989165
1490135219239,-360,0.03288920247491938
1490135279689,-360,0.014181369853498224
1490135340362,-360,0.030476884935246338
1490135399620,-360,0.010036008412911685
1490135459859,-360,0.04149341280415848
1490135580001,-360,0.014524957154368828
1490135640045,-360,0.02594072246157784
1490135700052,-360,0.027139186898670252
1490135760147,-360,0.09912177080271477
1490135821298,-360,0.021715435027451192
1490135880500,-360,0.03709379162524052
1490135940566,-360,0.007519792763994107
1490136059660,-360,0.034435860037282946
1490136120557,-360,0.007912582220357234
1490136239855,-360,0.012576010318990314
1490136299591,-360,0.019615122136536562
1490136420648,-360,0.014194532309902561
1490136539973,-360,0.3424792852848119
1490136660453,-360,0.009574085597403777
1490136719995,-360,0.05535593106419872
1490136779860,-360,0.030639696663867122
1490136839602,-360,0.0174638506747572
1490136899912,-360,0.02422964077799308
1490136959425,-360,0.021631230759077823
1490137020415,-360,0.016382393493813072
1490137079693,-360,0.09408805358998437
1490137139894,-360,0.10770128158988052
1490137199998,-360,0.020676566670699763
1490137259413,-360,0.006339940453429137
1490137319824,-360,0.02454158970210729
1490137379256,-360,0.17064451984512594
1490137439521,-360,0.06482453476766847
1490137559384,-360,0.014337821418967174
1490137619476,-360,0.009407118661868275
1490137679426,-360,0.15193106514159369
1490137800390,-360,0.08477895265577558
1490137860183,-360,0.3072426937731194
1490137919351,-360,0.010106004327304487
1490137980048,-360,0.1691494121719773
1490138039748,-360,0.09331789860646189
1490138099618,-360,0.03219069077275067
1490138159075,-360,0.03554459162153759
1490138280380,-360,0.12333675665608089
1490138399810,-360,0.1042155680724461
1490138459800,-360,0.04169469173295602
1490138519748,-360,0.04830925243054011
1490138580209,-360,0.006303363356952525
1490138639143,-360,0.021570044176326002
1490138700013,-360,0.024982185160075783
1490138819535,-360,0.06100117808402296
1490138879234,-360,0.11442899658006944
1490138939666,-360,0.04074252077885345
1490139000141,-360,0.060607201412959104
1490139059830,-360,0.035161035571911296
1490139119546,-360,0.023483305084878354
1490139179266,-360,0.018950470499446034
1490139239937,-360,0.024600735515882367
1490139301095,-360,0.006109020492064722
1490139359949,-360,0.03664950711729023
1490139419474,-360,0.06165000435468158
1490139479159,-360,0.06435988858443648
1490139539897,-360,0.08400791162127384
1490139599272,-360,0.013566023248321034
1490139659555,-360,0.1462593142869119
1490139720328,-360,0.015249886449667738
1490139779274,-360,0.020992615235139733
1490139899555,-360,0.07422879989776061
1490139960012,-360,0.025206753062770714
1490140020292,-360,0.05775343337918219
1490140079764,-360,0.01578331652876758
1490140139327,-360,0.029797545206550972
1490140199560,-360,0.014770227090591089
1490140260390,-360,0.02446338574603869
1490140321155,-360,0.21790493572528688
1490140379781,-360,0.02511685917280662
1490140440416,-360,0.05988113892711851
1490140500523,-360,0.039293258102687655
1490140560393,-360,0.0256579699435466
1490140620667,-360,0.05920799327959166
1490140680705,-360,0.2179563169032275
1490140740553,-360,0.42521630694062773
1490140799562,-360,0.0437389379247269
1490140858880,-360,0.13683747857553233
1490140919615,-360,0.035946213109913104
1490140979771,-360,0.022764588779236587
1490141039248,-360,0.0402736357855991
1490141099411,-360,0.04831152036403488
1490141219574,-360,0.07065922360069676
1490141280260,-360,0.011955220600561192
1490141339987,-360,0.09713362912880426
1490141399607,-360,0.030357711090616933
1490141459733,-360,0.03939355868489355
1490141519808,-360,0.17412518156267948
1490141699568,-360,0.25376472774798386
1490141760540,-360,0.008820787313900433
1490141819035,-360,0.09827018023879158
1490141879837,-360,0.03934727521140977
1490141940023,-360,0.020575364728695422
1490141999908,-360,0.017206267623769127
1490142059404,-360,0.05936162217066987
1490142119238,-360,0.04843287707932451
1490142232538,-360,0.09869327387639902
1490142300331,-360,0.09914710564420136
1490142359760,-360,0.04851108588753705
1490142419721,-360,0.15115448014649657
1490142541137,-360,0.0031573113991711166
1490142599954,-360,0.036520561541069335
1490142719842,-360,0.09751121267146504
1490142780118,-360,0.014661286980347707
1490142839858,-360,0.017245711115784573
1490142900195,-360,0.04453447906544519
1490142959448,-360,0.006473189955741664
1490143020117,-360,0.019839382539678763
1490143079657,-360,0.025677651950405184
1490143139430,-360,0.0207105588196345
1490143259083,-360,0.013599328814497337
1490143320169,-360,0.030868075203241196
1490143380118,-360,0.08440494134628998
1490143439699,-360,0.013030676291299738
1490143499951,-360,0.005083825813344057
1490143559398,-360,0.011761254614187438
1490143680324,-360,0.010510639446524993
1490143739918,-360,0.042213489984998256
1490143799978,-360,0.07503492623634854
1490143859399,-360,0.054124711771078145
1490143919640,-360,0.052627302436824175
1490144039184,-360,0.05081542087345496
1490144099324,-360,0.17881068467808778
1490144159475,-360,0.01234860395956532
1490144282968,-360,0.10747898578087788
1490144340167,-360,0.09244505729403318
1490144400275,-360,0.07041569224580475
1490144459840,-360,0.10581492562911121
1490144520332,-360,0.0336475073946548
1490144579662,-360,0.024606475944095957
1490144639559,-360,0.07693446628474762
1490144700923,-360,0.032920871718800065
1490144760950,-360,0.0424653834397877
1490144880759,-360,0.008849531653861825
1490144940032,-360,0.01667349314505138
1490145061815,-360,0.015864051903706197
1490145119666,-360,0.04255459077991071
1490145180792,-360,0.0645259840204589
1490145241273,-360,0.039621645063186106
1490145300180,-360,0.09492759502737956
1490145360103,-360,0.01812343377942006
1490145419484,-360,0.03825225581448856
1490145480079,-360,0.027617549487601343
1490145539812,-360,0.03547496030649049
1490145599933,-360,0.007617622357626411
1490145659989,-360,0.008652790291295356
1490145719211,-360,0.026427511505304084
1490145780010,-360,0.10681351083534464
1490145839841,-360,0.0187895808902173
1490145899473,-360,0.048050570950169146
1490145960296,-360,0.04058403461966473
1490146020063,-360,0.014781452997570431
1490146079751,-360,0.03353393221427645
1490146139344,-360,0.05133320770000143
1490146199997,-360,0.012907906736929906
1490146260008,-360,0.018685867625259
1490146320639,-360,0.02740427103657003
1490146380962,-360,0.025265133515826894
1490146439692,-360,0.036299351949884325
1490146499884,-360,0.07456113761928194
1490146620308,-360,0.11440436152273739
1490146682181,-360,0.2683055071120441
1490146799767,-360,0.21212772707182223
1490148360813,-360,0.023322498577858373
1490148479576,-360,0.08107201221164272
1490148539912,-360,0.01057318559317028
1490148900469,-360,0.07517222998661265
1490149800453,-360,0.2494673273399977
1490149859854,-360,0.9073011465560518
1490149919467,-360,0.11037883030478834
1490150461393,-360,0.11195548743295791
1490150520084,-360,0.6571343512359803
1490150939887,-360,0.3964797270804595
1490151000155,-360,0.35162245191864216
1490151060521,-360,0.23890268179505283
1490151179278,-360,0.2454146070061221
1490151239139,-360,0.7674106447563381
1490151299623,-360,0.06091464050783692
1490151360567,-360,0.488202897988944
1490151479998,-360,0.08538252495184483
1490151539812,-360,0.10638726386002348
1490151662607,-360,0.7262797235880251
1490151780461,-360,0.8789792874119533
1490151840556,-360,0.8381571340111381
1490152080310,-360,0.7221230551238788
1490152140090,-360,0.6851971092325881
1490152200139,-360,0.56906655172863
1490152260128,-360,0.276098137750546
1490152440125,-360,0.04643551235962662
1490152500366,-360,0.06465068530852831
1490152560046,-360,0.04564702319390174
1490152739832,-360,0.15646897041058896
1490152800220,-360,0.15051336585511285
1490152860172,-360,0.31081179839822953
1490152980036,-360,0.016398395802010555
1490153039852,-360,0.09106360897147336
1490153160021,-360,0.03240504166824269
1490153220324,-360,0.05516720227119193
1490153280017,-360,0.02436439210476933
1490153340006,-360,0.020327716407137236
1490153400330,-360,0.037931172586957974
1490153460214,-360,0.00880396177139762
1490153520388,-360,0.00868809590542709
1490153579553,-360,0.0172472914495038
1490153640114,-360,0.005178288000962445
1490153700150,-360,0.024105286467613167
1490153760111,-360,0.020477305941580894
1490153820050,-360,0.04233169713102625
1490153880350,-360,0.04302155604856019
1490153940739,-360,0.005500433181913911
1490154059633,-360,0.026887608019769527
1490154120421,-360,0.060005791834161375
1490154179741,-360,0.0655279245725635
1490154900441,-360,0.015297975346477557
1490154959999,-360,0.059502889407746014
1490155022311,-360,0.03728440357540703
1490155259527,-360,0.04340018850210569
1490199120637,-360,0.03545343169779039
1490199180061,-360,0.03763465759939393
1490199240207,-360,0.016709994830244133
1490199299865,-360,0.0316608906108755
1490199359503,-360,0.03420381644407478
1490199420257,-360,0.014150713285888785
1490199479421,-360,0.03469367261526147
1490199540369,-360,0.09884464376945486
1490199600285,-360,0.03511703529949455
1490199660239,-360,0.014840187331923608
1490199720068,-360,0.02540648050958632
1490199780141,-360,0.04435398285724039
1490199960514,-360,0.07687192718641321
1490200080467,-360,0.05635541505947805
1490200141230,-360,0.060182702106711755
1490200259942,-360,0.03584164384602507
1490200320084,-360,0.0372009932914749
1490200379075,-360,0.016719290831928715
1490200439784,-360,0.07727524934945096
1490200560037,-360,0.07936904322124794
1490200620058,-360,0.10170430774532044
1490200679873,-360,0.08532670429786728
1490200739724,-360,0.054396826092394795
1490200799535,-360,0.05537215541221083
1490200871919,-360,0.09473578565006174
1490200979657,-360,0.05970821049738894
1490201039540,-360,0.14073501836245758
1490201099001,-360,0.08658386202710519
1490201219577,-360,0.08344719334716126
1490201279394,-360,0.09183557763169464
1490201339071,-360,0.13657939943409228
1490201400013,-360,0.1420603202532835
1490201519492,-360,0.1557028363520272
1490201580194,-360,0.0061528044413013665
1490201700013,-360,0.021125255501579027
1490201760083,-360,0.02819989751932041
1490201819116,-360,0.02920607684218924
1490201879599,-360,0.04834785600148148
1490201939419,-360,0.04271139083398181
1490201999375,-360,0.07906631607566716
1490202059705,-360,0.041952325927823414
1490202119701,-360,0.03714003869930424
1490202179798,-360,0.07233586390288124
1490202239535,-360,0.04800580516524847
1490203440364,-360,0.018952169288029327
1490203500284,-360,0.017674591475879783
1490203560935,-360,0.007843017567566678
1490203620171,-360,0.010720189307329242
1490203680602,-360,0.0118195202012198
1490203739758,-360,0.01662600392674209
1490203800374,-360,0.008415257371407686
1490203860075,-360,0.007220513357533879
1490203920252,-360,0.015318170863554496
1490203980104,-360,0.01133358299397378
1490204041755,-360,0.020496027469452286
1490204099700,-360,0.04401191285618484
1490204160872,-360,0.15215629806573713
1490204220760,-360,0.014838124371272098
1490204279427,-360,0.11179632883576324
1490204339620,-360,0.075330806306354
1490204400862,-360,0.10810345364737417
1490204460407,-360,0.10892556503098659
1490204520818,-360,0.12924141326610444
1490204580145,-360,0.03883117939159239
1490204640660,-360,0.017565463080588387
1490204699758,-360,0.1365723388884102
1490204761005,-360,0.04356989798459912
1490204940379,-360,0.1559797461857982
1490205060535,-360,0.06392406762591757
1490205300026,-360,0.08894718033441959
1490205360495,-360,0.09092611150814978
1490205420502,-360,0.039277544587425404
1490205480040,-360,0.01939222105653211
1490205539439,-360,0.13376748729929086
1490205660454,-360,0.09452942400510148
1490205720115,-360,0.1573316752094958
1490205780869,-360,0.016855948959350685
1490205899743,-360,0.18586764579664383
1490205959224,-360,0.03309117324149774
1490206020249,-360,0.15532962161358763
1490206080158,-360,0.02188534751614
1490206140475,-360,0.01310054393176884
1490206200139,-360,0.042969811727996916
1490206260938,-360,0.023168864022546955
1490206319684,-360,0.005900573262512195
1490206379152,-360,0.032961136444748906
1490206439742,-360,0.017477779846739185
1490206499559,-360,0.02503310789158829
1490206559444,-360,0.14010800448642205
1490206620374,-360,0.01719962429390602
1490206680378,-360,0.020251409808382616
1490206740916,-360,0.05260409831232309
1490206920416,-360,0.01044121611036503
1490207041267,-360,0.003978596772260792
1490207099991,-360,0.0037216742921263386
1490207222700,-360,0.020507248152339303
1490207280469,-360,0.002629231992292645
1490207340414,-360,0.005669233975645681
1490207400508,-360,0.012862768018069109
1490207460452,-360,0.010656400990965244
1490207520071,-360,0.0023829192097438714
1490207580073,-360,0.024921498562004527
1490207640145,-360,0.021898642266756453
1490207699833,-360,0.011389415351442007
1490207760842,-360,0.023970110972703254
1490207819320,-360,0.013164916600690075
1490207879730,-360,0.028718000075260486
1490207939632,-360,0.016614373492047956
1490207999389,-360,0.011535603233205587
1490208060965,-360,0.009631691020108536
1490208119520,-360,0.006740853158409157
1490208179608,-360,0.03509677580402698
1490208239609,-360,0.02387418546828146
1490209920441,-360,0.11035580865930027
1490209982443,-360,0.18142168750020368
1490210160389,-360,0.1126699501809902
1490210219773,-360,0.20237640819817934
1490210339860,-360,0.20749241527312018
1490210459693,-360,0.0866154187085328
1490210579912,-360,0.1096280859290497
1490210699569,-360,0.020568603093873518
1490210759787,-360,0.045013308759782565
1490210819475,-360,0.03578555433809588
1490210879138,-360,0.05944870675538324
1490210939327,-360,0.08051770532800184
1490210999121,-360,0.06766442343789435
1490211059139,-360,0.12430536569426905
1490211119412,-360,0.085665506954891
1490211180059,-360,0.055475041311091274
1490211239682,-360,0.07140691630757695
1490211299655,-360,0.16873239084721492
1490211359681,-360,0.05376517651455023
1490211419176,-360,0.10571544718495628
1490211479199,-360,0.028091931398358
1490211659599,-360,0.13840806993792487
1490211719165,-360,0.014752364870998368
1490212799818,-360,0.057481636850271536
1490212859342,-360,0.04413456501359907
1490212919126,-360,0.07049080164481263
1490212979351,-360,0.04382330379253273
1490213039593,-360,0.09626606617030722
1490213100681,-360,0.01290866696345251
1490213219814,-360,0.041922880083448646
1490213339954,-360,0.038103348490448566
1490213459487,-360,0.0985638755554353
1490213519467,-360,0.08788380380156674
1490213579649,-360,0.06358491665509565
1490213639321,-360,0.0333697500716769
1490213699928,-360,0.04272909313489116
1490213759591,-360,0.05532933175459278
1490213819429,-360,0.08979471026772747
1490213879270,-360,0.06490726371104423
1490213939596,-360,0.08117099775907834
1490213999482,-360,0.09437930689539265
1490214059208,-360,0.035413117206178006
1490214120876,-360,0.01576590569695637
1490214179891,-360,0.06358323997612635
1490214239563,-360,0.16032729589431313
1490214299662,-360,0.010924902189317926
1490214359825,-360,0.005388062697048868
1490214419624,-360,0.014213821062285907
1490214480156,-360,0.019893750187720775
1490214599903,-360,0.03381503034401521
1490214659110,-360,0.03004237686567835
1490214719230,-360,0.04658780291678644
1490214839278,-360,0.039948231485239266
1490214899298,-360,0.09592294590520063
1490214959832,-360,0.04555079889791106
1490215020048,-360,0.04117340447654647
1490215079411,-360,0.026902945055645836
1490215139991,-360,0.04816373610014703
1490215199877,-360,0.0168041271234949
1490215260560,-360,0.0806151352412818
1490215319600,-360,0.08908643122760908
1490215379459,-360,0.01778509364637644
1490215439350,-360,0.05202916604919196
1490215500056,-360,0.07897883313574525
1490215559924,-360,0.04600311362548633
1490215619697,-360,0.015910848034606285
1490215679301,-360,0.02070424702375591
1490215739404,-360,0.018100692935266626
1490215800047,-360,0.029783627349430606
1490215860102,-360,0.028804281474572067
1490215919270,-360,0.03165797298229446
1490215979421,-360,0.10532608484782616
1490216039272,-360,0.10690368886321766
1490216159548,-360,0.031817977941806005
1490216219381,-360,0.11258648815802882
1490216280231,-360,0.055486139551556644
1490216339297,-360,0.05020817670477569
1490216399052,-360,0.14853364434348867
1490216460606,-360,0.23021225366447262
1490216519403,-360,0.020446326510264085
1490216579491,-360,0.17761884541220413
1490216640270,-360,0.16618723841835795
1490217959595,-360,0.17087048289749102
1490218020564,-360,0.5228766091220182
1490218441457,-360,0.060067943855938825
1490218499684,-360,0.12659356083100495
1490218861253,-360,0.060454945152985266
1490219020671,-360,0.1357893771658633
1490219939447,-360,0.5454820213417508
1490223540430,-360,0.10113093029320577
1490223660513,-360,0.2203630981386173
1490223720504,-360,0.27607740370306416
1490223780183,-360,0.17817764907202968
1490223841120,-360,0.05439827722011766
1490223900256,-360,0.25771311912037853
1490224020095,-360,0.1658469421146508
1490224079546,-360,0.1604579717158639
1490224200702,-360,0.08737040950548054
1490224260250,-360,0.2047819007895201
1490224319565,-360,0.1846799385584969
1490224439389,-360,0.08531522820842295
1490224559838,-360,0.2614155130708414
1490224681238,-360,0.07177477823239603
1490224741195,-360,0.3332143582808757
1490224799967,-360,0.13717788609669662
1490224860623,-360,0.24947508723349954
1490226059696,-360,0.5573638600605666
1490226600139,-360,0.04733957384315805
1490228220189,-360,0.2724300532097764
1490228279975,-360,0.039137979338203864
1490228340831,-360,0.4408868893534695
1490228400228,-360,0.3882001592009593
1490228460018,-360,0.06716794318908458
1490228519626,-360,0.04749536424692433
1490228580571,-360,0.05100319621282698
1490229002222,-360,0.26893221083745705
1490230980187,-360,0.1035123797031163
1490231040546,-360,0.20425891402950025
1490231102859,-360,0.10161836755217236
1490231160118,-360,0.41798317043011834
1490231279247,-360,0.07854969478927147
1490231339969,-360,0.17263581201044076
1490231400251,-360,0.19702875172288026
1490231590722,-360,0.05930008995525699
1490231700635,-360,0.20325006176256033
1490231760133,-360,0.09657314498437126
1490231819879,-360,0.3839578223919735
1490231946453,-360,0.15614011511665016
1490232003408,-360,0.05874449556015715
1490232060740,-360,0.10352364022612344
1490232121040,-360,0.10337097722945633
1490232180612,-360,0.23571946760380655
1490232239906,-360,0.11991374232593772
1490232299512,-360,0.15436777693225157
1490232360612,-360,0.23449624852509304
1490232600743,-360,0.10955643305559362
1490232780897,-360,0.49998854838745066
1490232840620,-360,0.5454860666153144
1490232899818,-360,0.16250804222313522
1490278683198,-360,0.15701819184480978
1490304840495,-360,0.2733410162121581
1490304900187,-360,0.039910623493631774
1490305079787,-360,0.7951578245451701
1490305200841,-360,0.02013287885799603
1490305260910,-360,0.2808265092445497
1490305382307,-360,0.13653042769298088
1490305620428,-360,0.2608808483457777
1490305739791,-360,0.20386657810679837
1490305800673,-360,0.022920380450838915
1490305859461,-360,0.029404294835734496
1490305980239,-360,0.14237033302943397
1490306040124,-360,0.40884559659395037
1490306219940,-360,0.13049623530317173
1490306579774,-360,0.2519888386804258
1490306640439,-360,0.15498831227319407
1490307180568,-360,0.03376307751758315
1490307317860,-360,0.14762144679869663
1490541719506,-360,0.3626429230446175
1490541779897,-360,0.21665834306525497
1490541840223,-360,0.21828776296252494
1490541899870,-360,0.2024279815403864
1490541959545,-360,0.3818630368917529
1490542019644,-360,0.438351764174671
1490542079841,-360,0.07162143527424343
1490542139847,-360,0.2612342655990192
1490542200116,-360,0.3288034753327514
1490542259837,-360,0.46136030414571777
1490542319419,-360,0.36386392173663507
1490542380337,-360,0.15284695987701716
1490542439486,-360,0.058244220562991084
1490542500759,-360,0.49430133435518653
1490542560160,-360,0.22666110319522598
1490542620205,-360,0.034966656908847225
1490542679983,-360,0.04538326552682876
1490542799742,-360,0.16155982658574652
1490542860244,-360,0.6236197872702132
1490542920215,-360,0.1183621903120283
1490542980611,-360,0.20513518236400174
1490543100834,-360,0.14196521689619399
1490543220031,-360,0.24178788795632178
1490543279644,-360,0.3974146785827599
1490543340884,-360,0.4486246536986399
1490543400257,-360,0.3989991064792463
1490543460632,-360,0.24201647248739278
1490543639667,-360,0.1579439885071139
1490543759937,-360,0.4121158138003912
1490543820792,-360,0.38848323088201564
1490543880144,-360,0.20500109572648742
1490544060191,-360,0.05719782740734191
1490544239672,-360,0.29843524015069034
1490546640015,-360,0.041859611613790794
1490548080538,-360,0.09623108963324414
1490548439401,-360,0.07006538417656458
1490548499947,-360,0.14871211633784445
1490548740228,-360,0.4368762720262482
1490548799745,-360,0.30236147265894486
1490548860459,-360,0.06540585398626306
1490548920071,-360,0.21291991672139
1490549160271,-360,0.46958173839000694
1490549220604,-360,0.23818050914196187
1490549340284,-360,0.21136226988932338
1490549400379,-360,0.20520132868414215
1490549460095,-360,0.25330557971421097
1490549520162,-360,0.11834727068196119
1490549699639,-360,0.07759989357784614
1490549760275,-360,0.19502279951976983
1490549880481,-360,0.3557140561966114
1490549940118,-360,0.24890407110967858
1490549999691,-360,0.42306358625006196
1490550360333,-360,0.16220715791129822
1490550419836,-360,0.1305421901160569
1490550540223,-360,0.024064010606866887
1490550600188,-360,0.05478189422473455
1490550719806,-360,0.2887874837182779
1490550788169,-360,0.12726681944731952
1490550840446,-360,0.3352009658725908
1490550900174,-360,0.2667427635313452
1490551020157,-360,0.16920973499498132
1490551139372,-360,0.27534596306410936
1490551319818,-360,0.5513280004115182
1490551379573,-360,0.4410341138128584
1490551979897,-360,0.3011288690328603
1490552280413,-360,0.14004035306147541
1490552339459,-360,0.31939083001635377
1490552400420,-360,0.5319364108719277
1490552459757,-360,0.23626010158071623
1490552521033,-360,0.5894809199639142
1490552579759,-360,0.571097377196559
1490552999635,-360,0.17016963075957242
1490553119817,-360,0.13732600079853322
1490553179186,-360,0.7170591825611338
1490554019544,-360,0.13793664038547043
1490554680495,-360,0.01799410879876647
1490554739878,-360,0.02381003624613464
1490554800198,-360,0.04774165209093618
1490554859373,-360,0.1550313878250182
1490555399342,-360,0.24937044757973964
1490555520684,-360,0.03898900667744036
1490555580086,-360,0.1547991200021173
1490555639699,-360,0.10927280407411125
1490555700230,-360,0.1688349334852844
1490555759649,-360,0.05341752378292555
1490555819929,-360,0.2369529195038109
1490555880345,-360,0.20912392155336243
1490555940164,-360,0.09380411662486884
1490556420021,-360,0.11513507204931464
1490556480641,-360,0.09836189309322173
1490556959534,-360,0.18633131087002475
1490557199481,-360,0.06095537200709968
1490557260949,-360,0.20357815505226493
1490558099945,-360,0.11216817007063419
1490558159816,-360,0.04067996012019419
1490558220636,-360,0.07852530201489524
1490558339686,-360,0.1420612838314655
1490558400292,-360,0.1983406297870111
1490558460372,-360,0.09765326265562187
1490558520147,-360,0.25617945145731397
1490558640207,-360,0.23165659694474228
1490559119175,-360,0.1179795366504022
1490559300182,-360,0.36555863421880314
1490559360304,-360,0.2740791241946483
1490559480320,-360,0.15327848554102028
1490559539724,-360,0.47875626231692053
1490559599901,-360,0.3829871288813229
1490559660412,-360,0.2506139857496283
1490560080349,-360,0.35495461802758704
1490560199276,-360,0.353141815252064
1490560560489,-360,0.23359249525910056
1490560619820,-360,0.054762008177668735
1490560679710,-360,0.34097332521828555
1490560740569,-360,0.15838749895215165
1490560799998,-360,0.11623155499738189
1490560860671,-360,0.17813754427422876
1490560919902,-360,0.2391195108574165
1490560980152,-360,0.16514520361026608
1490561039569,-360,0.24322778974330406
1490561099522,-360,0.24660992219937783
1490561162118,-360,0.19993687208687755
1490561220120,-360,0.15762693195047953
1490561279437,-360,0.13434001244321198
1490561340018,-360,0.01592837123261484
1490561400290,-360,0.03666343711726825
1490561459922,-360,0.041470371902316436
1490561699734,-360,0.23498352058280075
1490561820005,-360,0.11845137518033584
1490561880398,-360,0.1348568489205722
1490561940028,-360,0.11574650529686407
1490561999182,-360,0.04013555210121903
1490562119668,-360,0.25580864945456966
1490562180820,-360,0.2546275248853149
1490562239522,-360,0.17240487578218572
1490562300562,-360,0.24888465009249475
1490562359761,-360,0.2103923556982757
1490562419879,-360,0.12019266000627002
1490562480563,-360,0.08802036366387476
1490562540346,-360,0.20302885522497863
1490562600157,-360,0.030326866085485085
1490562660247,-360,0.04160516333302002
1490562959960,-360,0.04393107584107578
1490563019599,-360,0.02918097112371504
1490563680147,-360,0.3974834793023536
1490564401182,-360,0.35760700298724146
1490564459413,-360,0.2480017754615845
1490564520106,-360,0.18061406088748513
1490565179393,-360,0.18012385011450785
1490565239430,-360,0.08818855466777062
1490565420464,-360,0.41757400533630074
1490565539653,-360,0.479141728050524
1490565659526,-360,0.32519080568611575
1490565720136,-360,0.36772253812325406
1490565900191,-360,0.36637356891310774
1490565960083,-360,0.2594290387225712
1490566019703,-360,0.6490456805753538
1490566200009,-360,0.20865335522405776
1490566380501,-360,0.4261761869181612
1490566499488,-360,0.07031144363288705
1490566560250,-360,0.2711872999883165
1490566620460,-360,0.2033735227632581
1490566680563,-360,0.26540655697413124
1490567639619,-360,0.35029591129651944
1490567700426,-360,0.1747785005847303
1490567821997,-360,0.25768483305255535
1490567879928,-360,0.34720774026200973
1490567940323,-360,0.8004394130215556
1490567999919,-360,0.3336924023779728
1490568059837,-360,0.1771929111060053
1490568120329,-360,0.33632811229058107
1490568179850,-360,0.19162288726688523
1490568239589,-360,0.09844133993773312
1490568300666,-360,0.08889697197659241
1490568361319,-360,0.19335657869012635
1490568421175,-360,0.189349228758884
1490568480800,-360,0.10747623704789022
1490568539634,-360,0.12017985646763346
1490568599564,-360,0.20537133637679408
1490568660499,-360,0.10265488806358854
1490568720600,-360,0.12246952710538973
1490568779498,-360,0.16974669643531884
1490568839754,-360,0.18585864656124385
1490568899976,-360,0.2159588062491937
1490568960178,-360,0.13436373647299404
1490569019888,-360,0.23080566218601783
1490569079769,-360,0.2531121811176351
1490569200175,-360,0.3041959501774538
1490569260313,-360,0.23139516108544605
1490569320166,-360,0.3465764985729688
1490569380178,-360,0.2567789177525617
1490569439877,-360,0.181674431343933
1490569500043,-360,0.4211413379074659
1490569559803,-360,0.6091732518559713
1490569620342,-360,0.10702002141100024
1490569680132,-360,0.10892779278615326
1490569740045,-360,0.06739794157049792
1490570640478,-360,0.0594953083292601
1490571239776,-360,0.04498661350824007
1490571300191,-360,0.01357922690603189
1490571959468,-360,0.40574564565245785
1490572020690,-360,0.4398200697808353
1490572080030,-360,0.16618498677848673
1490572259935,-360,0.14914628255423337
1490572439637,-360,0.12270917807782185
1490572499873,-360,0.1863658874497471
1490572559625,-360,0.24102312418900357
1490572619529,-360,0.2072892331539438
1490572679671,-360,0.2554875958936631
1490572800314,-360,0.12141461083457962
1490573100172,-360,0.47404757127786235
1490573160028,-360,0.13167840624742436
1490573219779,-360,0.0630031703148147
1490573280401,-360,0.08180036636849676
1490573400976,-360,0.047473658687613295
1490573459670,-360,0.1253071164123739
1490573519859,-360,0.06228534573523265
1490573579580,-360,0.30741394020228535
1490573639918,-360,0.19767979998893126
1490573760065,-360,0.02649860058794283
1490573820016,-360,0.02048645913756727
1490573879306,-360,0.030135853046006193
1490573938956,-360,0.01880221075142419
1490574000082,-360,0.013311996089972722
1490574059585,-360,0.018339962134975664
1490574119897,-360,0.03048886211339241
1490574180331,-360,0.012641496977008346
1490574239780,-360,0.037779239410684395
1490574300170,-360,0.013548350479293552
1490574359537,-360,0.05127458639007143
1490574419634,-360,0.0322836839781728
1490574481032,-360,0.03380635288905874
1490574540396,-360,0.051951305106947024
1490574659469,-360,0.04258492957115823
1490574719583,-360,0.06537992016107452
1490574780805,-360,0.04076724217353658
1490574840177,-360,0.023684543288844152
1490574901002,-360,0.02634517904820405
1490574960135,-360,0.018790838384417727
1490575019933,-360,0.019216003553111392
1490575080460,-360,0.04124017400867209
1490575140099,-360,0.13140797218308628
1490575200173,-360,0.03506399175987252
1490575260745,-360,0.02934020830094721
1490575320006,-360,0.02886216517354311
1490575381204,-360,0.026267603675527076
1490575439715,-360,0.03952797186495998
1490575499777,-360,0.03194609779150297
1490575559324,-360,0.060466347239557613
1490575620288,-360,0.024554497139181904
1490575679996,-360,0.019582655834216655
1490575739400,-360,0.03806401286576761
1490575859771,-360,0.08091776520035587
1490575919480,-360,0.07232613329308707
1490575979416,-360,0.03583751846845194
1490576039099,-360,0.04064916439401889
1490576099694,-360,0.04106758736780334
1490576220159,-360,0.02794538327218549
1490576279966,-360,0.0301004175584827
1490576339894,-360,0.03806899701167982
1490576459563,-360,0.013743151078980487
1490576519182,-360,0.08535009785097564
1490576580053,-360,0.04357216435714515
1490576640071,-360,0.057018682060045726
1490576699770,-360,0.031167626187441472
1490576759369,-360,0.034056606474009106
1490576819935,-360,0.01247585834076629
1490576879528,-360,0.009955416835086457
1490576939694,-360,0.07433028473809324
1490576999682,-360,0.028139357077124758
1490577060363,-360,0.032597705324538116
1490577119748,-360,0.022860392314476504
1490577240098,-360,0.023583514479302264
1490577360682,-360,0.020817535403218172
1490577419177,-360,0.1266924241157376
1490577480533,-360,0.1499652998848497
1490577539920,-360,0.020120712426707613
1490577599226,-360,0.005856873571815377
1490577659293,-360,0.017635309099735482
1490577719552,-360,0.04820901151313785
1490577779530,-360,0.01096639062762167
1490577840383,-360,0.03140729603346699
1490577899897,-360,0.024971366055140304
1490577959539,-360,0.005365533244254205
1490578020417,-360,0.04947543538925085
1490578079735,-360,0.02122318012099402
1490578139792,-360,0.01752141562578144
1490578199891,-360,0.06544494257452722
1490578259646,-360,0.027705339809240514
1490578319650,-360,0.030588026753386247
1490578379985,-360,0.03740596975074405
1490578439758,-360,0.02674354714714106
1490578500379,-360,0.009451063324456025
1490578559197,-360,0.053672431941389855
1490578620065,-360,0.015227614354262786
1490578679893,-360,0.01308834195684617
1490578739659,-360,0.019303664007304044
1490578799651,-360,0.01063979345356849
1490578860012,-360,0.01968813338221125
1490578920142,-360,0.012573686949961131
1490578979679,-360,0.029043450305820184
1490579039486,-360,0.007467041359964359
1490579100072,-360,0.022539700801524936
1490579159924,-360,0.020255490531228517
1490579219729,-360,0.017629940370744845
1490579279479,-360,0.01891721863447422
1490579340071,-360,0.020143234391609935
1490579399507,-360,0.019324293344736333
1490579459135,-360,0.014117661465807571
1490579520177,-360,0.024920106239428978
1490579579135,-360,0.0483144540220544
1490579640666,-360,0.029391895078826877
1490579699961,-360,0.03965667350570206
1490579759515,-360,0.032213520248216616
1490579819937,-360,0.025114841775985084
1490579879824,-360,0.022473097142083343
1490579939642,-360,0.030543567181206033
1490579999295,-360,0.029148645351749766
1490580120801,-360,0.04284573891829401
1490748660488,-360,0.009561785233376517
1490749020895,-360,0.12945043400376155
1490749080182,-360,0.3465067949417788
1490749140795,-360,0.08561248052428866
1490749259846,-360,0.05034422838395534
1490749319792,-360,0.13966666271283942
1490749440282,-360,0.09920361640114016
1490749682211,-360,0.03278731072274071
1490749799661,-360,0.022888954985167992
1490750399935,-360,0.0506288115061628
1490750459472,-360,0.07148318857804317
1490750519882,-360,0.22512105594765894
1490751240509,-360,0.31854333431704474
1490751299332,-360,0.21795219587663328
1490751479978,-360,0.08252107372976236
1490751660517,-360,0.08705999038423057
1490752080567,-360,0.2502145462196025
1490752139733,-360,0.05668890712575185
1490752200185,-360,0.03497421090991594
1490752260949,-360,0.11471970937224293
1490752321151,-360,0.06509211626651101
1490752380437,-360,0.10474943760316517
1490752560429,-360,0.09023810784903862
1490752619552,-360,0.054341013715615845
1490752680284,-360,0.05861500658101987
1490752740614,-360,0.536557540802162
1490752800083,-360,0.03078755614511177
1490752860488,-360,0.04328298177051769
1490752920191,-360,0.056046044332695076
1490753040232,-360,0.2178167195160551
1490753100027,-360,0.15208287503202214
1490753159603,-360,0.06916949858037709
1490753340093,-360,0.048367427279511634
1490753400405,-360,0.16074981888179557
1490754000833,-360,0.4897211281255242
1490754361311,-360,0.1498056619102224
1490754660124,-360,0.5648415233217129
1490755200937,-360,0.7678538170751456
1490757299831,-360,0.02412887686097436
1490757359657,-360,0.050802023258913954
1490757660731,-360,0.03354330681642229
1490758019645,-360,0.43954431407845895
1490758080570,-360,0.35655767084463885
1490758499997,-360,0.09278100392845585
1490758619667,-360,0.10799163749092758
1490758680227,-360,0.05678723445711395
1490758800142,-360,0.04104629951048021
1490758859788,-360,0.11009104505580446
1490758920018,-360,0.06453844233609206
1490758979996,-360,0.07216356325131508
1490759039412,-360,0.037678806606810736
1490759099679,-360,0.009139599116553892
1490759159529,-360,0.04607592566690783
1490759219654,-360,0.0806701964230114
1490759280032,-360,0.03423859343814094
1490759340094,-360,0.17952016257243242
1490970121088,-360,0.2196069986219811
1490970240047,-360,0.3785873104281925
1490971079976,-360,0.08071365684776242
1490971200320,-360,0.0429046563686822
1490971320675,-360,0.03653898548881623
1490971383049,-360,0.032870451962546704
1490971439499,-360,0.47834717139962346
1490971500467,-360,0.5982382870183399
1490971647460,-360,0.04339961803556264
1490971680258,-360,0.23733237649627717
1490971739454,-360,0.2477490216739636
1490971799572,-360,0.1343965873375776
1490971860155,-360,0.17607390141756915
1490971920833,-360,0.19382840575589133
1490971979869,-360,0.11539433379576029
1490972039754,-360,0.11124475107110383
1490972099577,-360,0.3108377162130934
1490972159623,-360,0.404927927400634
1490972220076,-360,0.20719327668846374
1490972340136,-360,0.10170921396246392
1490972399803,-360,0.04369890805053385
1490972460869,-360,0.10210508443355303
1490972702456,-360,0.09584901782784437
1490972820778,-360,0.14261114598860414
1490972939950,-360,0.19026885020252463
1490972999664,-360,0.239931771208709
1490973060569,-360,0.1314078834487752
1490973240570,-360,0.14264922881694192
1490973360223,-360,0.16109189991821016
1490973720806,-360,0.13535928284481394
1490973840368,-360,0.5818449458607633
1490973900278,-360,0.2932784353813168
1490974020367,-360,0.15657352137842767
1490974079695,-360,0.38704507986521836
1490974199709,-360,0.10048400792632914
1490974260573,-360,0.16632382262213113
1490974321637,-360,0.15238974615822062
1490974380366,-360,0.17834927200734768
1490974439952,-360,0.311360648592317
1490974560135,-360,0.21436206138414812
1490974619886,-360,0.1779079424315229
1490974679940,-360,0.1635971450037283
1490974740823,-360,0.22255533297585064
1490974800223,-360,0.2278479902140479
1490974860117,-360,0.05483681854947834
1490974919974,-360,0.16766863103818158
1490974979829,-360,0.1528642918466719
1490975159492,-360,0.2851750324558324
1490975340204,-360,0.2960708176744546
1490975400075,-360,0.10791031295197817
1490975460161,-360,0.14922299810974163
1490975520335,-360,0.47223397734962164
1490976600421,-360,0.2663537397590631
1490976659768,-360,0.12176018941834993
1490976719655,-360,0.10629795832468066
1490976780000,-360,0.3081044412426562
1490977199334,-360,0.32363771765925625
1490977259537,-360,0.11267234888116422
1490977320358,-360,0.1708818540044683
1490977980186,-360,0.32669465810172915
1490978580344,-360,0.15107673690429516
1490978639930,-360,0.07124311432906817
1490978880716,-360,0.09368427892495224
1490979659991,-360,0.2664811841583464
1490979779274,-360,0.7974675423622903
1490979900316,-360,0.7278196196894414
1490979960195,-360,0.4911960097773513
1490980019976,-360,0.4945126790751581
1490980320819,-360,0.12413065724024028
1490980380554,-360,0.3056229812021372
1490980439799,-360,0.05815883410495255
1490980559824,-360,0.6645814967877811
1490980620266,-360,0.1005659678220502
1490980680173,-360,0.37005336479628953
1490980739415,-360,0.4517302743986193
1490980800665,-360,0.3687854711411026
1490980860140,-360,0.2478808068837936
1490980920643,-360,0.30154738987345076
1490980980448,-360,0.25833292973902006
1490981040413,-360,0.11544548182605713
1490981099699,-360,0.16579976957928125
1490981159278,-360,0.1830124494069528
1490981699657,-360,0.09431015385029426
1490981880173,-360,0.22150267417325145
1490982000502,-360,0.08522634330367754
1490982120128,-360,0.4837881702395024
1490982179858,-360,0.2523222254095659
1490982300592,-360,0.3965357138055336
1490982419723,-360,0.7769426268212763
1490982539990,-360,0.23639807102471885
1490982600520,-360,0.4545587638428282
1490982662055,-360,0.1264034862571086
1490982719741,-360,0.2556035586261882
1490982840094,-360,0.3364543965417649
1490982899347,-360,0.334605174808823
1490982959506,-360,0.029342960738719503
1490983019965,-360,0.27912612602582276
1490983140106,-360,0.06728205047751384
1490983199662,-360,0.052225418543061744
1490983322135,-360,0.01927309903368931
1490983379792,-360,0.0914815777431473
1490983440352,-360,0.18683850564443294
1490983800285,-360,0.5860589758333242
1490983919525,-360,0.47780690760083616
1490983979452,-360,0.6305595586389336
1490984280577,-360,0.16808026578233323
1490984399796,-360,0.49115584519494426
1490984459334,-360,0.11837067457005924
1490984940748,-360,0.20204405415498988
1490985180194,-360,0.0819464896769017
1490985300151,-360,0.20762078626859942
1490985360094,-360,0.11095745621959457
1490985419981,-360,0.12327048565111035
1490985481400,-360,0.07225636481340823
1490985539572,-360,0.07311350932509425
1490985600918,-360,0.04356794100952702
1490985660271,-360,0.08484439242775255
